"Database"	"Slave"	"Lang_Code"	"Project_Type"
"enwiki"	"s1-analytics-slave.eqiad.wmnet"	"en"	"wiki"
"bgwiki"	"s2-analytics-slave.eqiad.wmnet"	"bg"	"wiki"
"cswiki"	"s2-analytics-slave.eqiad.wmnet"	"cs"	"wiki"
"enwikiquote"	"s2-analytics-slave.eqiad.wmnet"	"en"	"wikiquote"
"eowiki"	"s2-analytics-slave.eqiad.wmnet"	"eo"	"wiki"
"fiwiki"	"s2-analytics-slave.eqiad.wmnet"	"fi"	"wiki"
"idwiki"	"s2-analytics-slave.eqiad.wmnet"	"id"	"wiki"
"itwiki"	"s2-analytics-slave.eqiad.wmnet"	"it"	"wiki"
"nlwiki"	"s2-analytics-slave.eqiad.wmnet"	"nl"	"wiki"
"nowiki"	"s2-analytics-slave.eqiad.wmnet"	"no"	"wiki"
"plwiki"	"s2-analytics-slave.eqiad.wmnet"	"pl"	"wiki"
"ptwiki"	"s2-analytics-slave.eqiad.wmnet"	"pt"	"wiki"
"svwiki"	"s2-analytics-slave.eqiad.wmnet"	"sv"	"wiki"
"thwiki"	"s2-analytics-slave.eqiad.wmnet"	"th"	"wiki"
"trwiki"	"s2-analytics-slave.eqiad.wmnet"	"tr"	"wiki"
"zhwiki"	"s2-analytics-slave.eqiad.wmnet"	"zh"	"wiki"
"aawiki"	"s3-analytics-slave.eqiad.wmnet"	"aa"	"wiki"
"aawikibooks"	"s3-analytics-slave.eqiad.wmnet"	"aa"	"wikibooks"
"abwiki"	"s3-analytics-slave.eqiad.wmnet"	"ab"	"wiki"
"acewiki"	"s3-analytics-slave.eqiad.wmnet"	"ace"	"wiki"
"afwiki"	"s3-analytics-slave.eqiad.wmnet"	"af"	"wiki"
"afwikibooks"	"s3-analytics-slave.eqiad.wmnet"	"af"	"wikibooks"
"afwikiquote"	"s3-analytics-slave.eqiad.wmnet"	"af"	"wikiquote"
"akwiki"	"s3-analytics-slave.eqiad.wmnet"	"ak"	"wiki"
"akwikibooks"	"s3-analytics-slave.eqiad.wmnet"	"ak"	"wikibooks"
"alswiki"	"s3-analytics-slave.eqiad.wmnet"	"als"	"wiki"
"alswikibooks"	"s3-analytics-slave.eqiad.wmnet"	"als"	"wikibooks"
"alswikiquote"	"s3-analytics-slave.eqiad.wmnet"	"als"	"wikiquote"
"amwiki"	"s3-analytics-slave.eqiad.wmnet"	"am"	"wiki"
"amwikiquote"	"s3-analytics-slave.eqiad.wmnet"	"am"	"wikiquote"
"angwiki"	"s3-analytics-slave.eqiad.wmnet"	"ang"	"wiki"
"angwikibooks"	"s3-analytics-slave.eqiad.wmnet"	"ang"	"wikibooks"
"angwikiquote"	"s3-analytics-slave.eqiad.wmnet"	"ang"	"wikiquote"
"angwikisource"	"s3-analytics-slave.eqiad.wmnet"	"ang"	"wikisource"
"anwiki"	"s3-analytics-slave.eqiad.wmnet"	"an"	"wiki"
"arcwiki"	"s3-analytics-slave.eqiad.wmnet"	"arc"	"wiki"
"arwiki"	"s3-analytics-slave.eqiad.wmnet"	"ar"	"wiki"
"arwikibooks"	"s3-analytics-slave.eqiad.wmnet"	"ar"	"wikibooks"
"arwikimedia"	"s3-analytics-slave.eqiad.wmnet"	"ar"	"wikimedia"
"arwikinews"	"s3-analytics-slave.eqiad.wmnet"	"ar"	"wikinews"
"arwikiquote"	"s3-analytics-slave.eqiad.wmnet"	"ar"	"wikiquote"
"arwikisource"	"s3-analytics-slave.eqiad.wmnet"	"ar"	"wikisource"
"arwikiversity"	"s3-analytics-slave.eqiad.wmnet"	"ar"	"wikiversity"
"arzwiki"	"s3-analytics-slave.eqiad.wmnet"	"arz"	"wiki"
"astwiki"	"s3-analytics-slave.eqiad.wmnet"	"ast"	"wiki"
"astwikibooks"	"s3-analytics-slave.eqiad.wmnet"	"ast"	"wikibooks"
"astwikiquote"	"s3-analytics-slave.eqiad.wmnet"	"ast"	"wikiquote"
"aswiki"	"s3-analytics-slave.eqiad.wmnet"	"as"	"wiki"
"aswikibooks"	"s3-analytics-slave.eqiad.wmnet"	"as"	"wikibooks"
"aswikisource"	"s3-analytics-slave.eqiad.wmnet"	"as"	"wikisource"
"avwiki"	"s3-analytics-slave.eqiad.wmnet"	"av"	"wiki"
"aywiki"	"s3-analytics-slave.eqiad.wmnet"	"ay"	"wiki"
"aywikibooks"	"s3-analytics-slave.eqiad.wmnet"	"ay"	"wikibooks"
"azwiki"	"s3-analytics-slave.eqiad.wmnet"	"az"	"wiki"
"azwikibooks"	"s3-analytics-slave.eqiad.wmnet"	"az"	"wikibooks"
"azwikiquote"	"s3-analytics-slave.eqiad.wmnet"	"az"	"wikiquote"
"azwikisource"	"s3-analytics-slave.eqiad.wmnet"	"az"	"wikisource"
"barwiki"	"s3-analytics-slave.eqiad.wmnet"	"bar"	"wiki"
"bat_smgwiki"	"s3-analytics-slave.eqiad.wmnet"	"bat-smg"	"wiki"
"bawiki"	"s3-analytics-slave.eqiad.wmnet"	"ba"	"wiki"
"bawikibooks"	"s3-analytics-slave.eqiad.wmnet"	"ba"	"wikibooks"
"bclwiki"	"s3-analytics-slave.eqiad.wmnet"	"bcl"	"wiki"
"bdwikimedia"	"s3-analytics-slave.eqiad.wmnet"	"bd"	"wikimedia"
"bewiki"	"s3-analytics-slave.eqiad.wmnet"	"be"	"wiki"
"bewikibooks"	"s3-analytics-slave.eqiad.wmnet"	"be"	"wikibooks"
"bewikimedia"	"s3-analytics-slave.eqiad.wmnet"	"be"	"wikimedia"
"bewikiquote"	"s3-analytics-slave.eqiad.wmnet"	"be"	"wikiquote"
"bewikisource"	"s3-analytics-slave.eqiad.wmnet"	"be"	"wikisource"
"bgwikibooks"	"s3-analytics-slave.eqiad.wmnet"	"bg"	"wikibooks"
"bgwikinews"	"s3-analytics-slave.eqiad.wmnet"	"bg"	"wikinews"
"bgwikiquote"	"s3-analytics-slave.eqiad.wmnet"	"bg"	"wikiquote"
"bgwikisource"	"s3-analytics-slave.eqiad.wmnet"	"bg"	"wikisource"
"bhwiki"	"s3-analytics-slave.eqiad.wmnet"	"bh"	"wiki"
"biwiki"	"s3-analytics-slave.eqiad.wmnet"	"bi"	"wiki"
"biwikibooks"	"s3-analytics-slave.eqiad.wmnet"	"bi"	"wikibooks"
"bjnwiki"	"s3-analytics-slave.eqiad.wmnet"	"bjn"	"wiki"
"bmwiki"	"s3-analytics-slave.eqiad.wmnet"	"bm"	"wiki"
"bmwikibooks"	"s3-analytics-slave.eqiad.wmnet"	"bm"	"wikibooks"
"bmwikiquote"	"s3-analytics-slave.eqiad.wmnet"	"bm"	"wikiquote"
"bnwiki"	"s3-analytics-slave.eqiad.wmnet"	"bn"	"wiki"
"bnwikibooks"	"s3-analytics-slave.eqiad.wmnet"	"bn"	"wikibooks"
"bnwikisource"	"s3-analytics-slave.eqiad.wmnet"	"bn"	"wikisource"
"bowiki"	"s3-analytics-slave.eqiad.wmnet"	"bo"	"wiki"
"bowikibooks"	"s3-analytics-slave.eqiad.wmnet"	"bo"	"wikibooks"
"bpywiki"	"s3-analytics-slave.eqiad.wmnet"	"bpy"	"wiki"
"brwiki"	"s3-analytics-slave.eqiad.wmnet"	"br"	"wiki"
"brwikimedia"	"s3-analytics-slave.eqiad.wmnet"	"br"	"wikimedia"
"brwikiquote"	"s3-analytics-slave.eqiad.wmnet"	"br"	"wikiquote"
"brwikisource"	"s3-analytics-slave.eqiad.wmnet"	"br"	"wikisource"
"bswiki"	"s3-analytics-slave.eqiad.wmnet"	"bs"	"wiki"
"bswikibooks"	"s3-analytics-slave.eqiad.wmnet"	"bs"	"wikibooks"
"bswikinews"	"s3-analytics-slave.eqiad.wmnet"	"bs"	"wikinews"
"bswikiquote"	"s3-analytics-slave.eqiad.wmnet"	"bs"	"wikiquote"
"bswikisource"	"s3-analytics-slave.eqiad.wmnet"	"bs"	"wikisource"
"bugwiki"	"s3-analytics-slave.eqiad.wmnet"	"bug"	"wiki"
"bxrwiki"	"s3-analytics-slave.eqiad.wmnet"	"bxr"	"wiki"
"cawiki"	"s3-analytics-slave.eqiad.wmnet"	"ca"	"wiki"
"cawikibooks"	"s3-analytics-slave.eqiad.wmnet"	"ca"	"wikibooks"
"cawikinews"	"s3-analytics-slave.eqiad.wmnet"	"ca"	"wikinews"
"cawikiquote"	"s3-analytics-slave.eqiad.wmnet"	"ca"	"wikiquote"
"cawikisource"	"s3-analytics-slave.eqiad.wmnet"	"ca"	"wikisource"
"cbk_zamwiki"	"s3-analytics-slave.eqiad.wmnet"	"cbk-zam"	"wiki"
"cdowiki"	"s3-analytics-slave.eqiad.wmnet"	"cdo"	"wiki"
"cebwiki"	"s3-analytics-slave.eqiad.wmnet"	"ceb"	"wiki"
"cewiki"	"s3-analytics-slave.eqiad.wmnet"	"ce"	"wiki"
"chowiki"	"s3-analytics-slave.eqiad.wmnet"	"cho"	"wiki"
"chrwiki"	"s3-analytics-slave.eqiad.wmnet"	"chr"	"wiki"
"chwiki"	"s3-analytics-slave.eqiad.wmnet"	"ch"	"wiki"
"chwikibooks"	"s3-analytics-slave.eqiad.wmnet"	"ch"	"wikibooks"
"chwikimedia"	"s3-analytics-slave.eqiad.wmnet"	"ch"	"wikimedia"
"chywiki"	"s3-analytics-slave.eqiad.wmnet"	"chy"	"wiki"
"ckbwiki"	"s3-analytics-slave.eqiad.wmnet"	"ckb"	"wiki"
"cowiki"	"s3-analytics-slave.eqiad.wmnet"	"co"	"wiki"
"cowikibooks"	"s3-analytics-slave.eqiad.wmnet"	"co"	"wikibooks"
"cowikimedia"	"s3-analytics-slave.eqiad.wmnet"	"co"	"wikimedia"
"cowikiquote"	"s3-analytics-slave.eqiad.wmnet"	"co"	"wikiquote"
"crhwiki"	"s3-analytics-slave.eqiad.wmnet"	"crh"	"wiki"
"crwiki"	"s3-analytics-slave.eqiad.wmnet"	"cr"	"wiki"
"crwikiquote"	"s3-analytics-slave.eqiad.wmnet"	"cr"	"wikiquote"
"csbwiki"	"s3-analytics-slave.eqiad.wmnet"	"csb"	"wiki"
"cswikibooks"	"s3-analytics-slave.eqiad.wmnet"	"cs"	"wikibooks"
"cswikinews"	"s3-analytics-slave.eqiad.wmnet"	"cs"	"wikinews"
"cswikiquote"	"s3-analytics-slave.eqiad.wmnet"	"cs"	"wikiquote"
"cswikisource"	"s3-analytics-slave.eqiad.wmnet"	"cs"	"wikisource"
"cswikiversity"	"s3-analytics-slave.eqiad.wmnet"	"cs"	"wikiversity"
"cuwiki"	"s3-analytics-slave.eqiad.wmnet"	"cu"	"wiki"
"cvwiki"	"s3-analytics-slave.eqiad.wmnet"	"cv"	"wiki"
"cvwikibooks"	"s3-analytics-slave.eqiad.wmnet"	"cv"	"wikibooks"
"cywiki"	"s3-analytics-slave.eqiad.wmnet"	"cy"	"wiki"
"cywikibooks"	"s3-analytics-slave.eqiad.wmnet"	"cy"	"wikibooks"
"cywikiquote"	"s3-analytics-slave.eqiad.wmnet"	"cy"	"wikiquote"
"cywikisource"	"s3-analytics-slave.eqiad.wmnet"	"cy"	"wikisource"
"dawiki"	"s3-analytics-slave.eqiad.wmnet"	"da"	"wiki"
"dawikibooks"	"s3-analytics-slave.eqiad.wmnet"	"da"	"wikibooks"
"dawikiquote"	"s3-analytics-slave.eqiad.wmnet"	"da"	"wikiquote"
"dawikisource"	"s3-analytics-slave.eqiad.wmnet"	"da"	"wikisource"
"demowikinews"	"s3-analytics-slave.eqiad.wmnet"	"demo"	"wikinews"
"dewikibooks"	"s3-analytics-slave.eqiad.wmnet"	"de"	"wikibooks"
"dewikinews"	"s3-analytics-slave.eqiad.wmnet"	"de"	"wikinews"
"dewikiquote"	"s3-analytics-slave.eqiad.wmnet"	"de"	"wikiquote"
"dewikisource"	"s3-analytics-slave.eqiad.wmnet"	"de"	"wikisource"
"dewikiversity"	"s3-analytics-slave.eqiad.wmnet"	"de"	"wikiversity"
"dewikivoyage"	"s3-analytics-slave.eqiad.wmnet"	"de"	"wikivoyage"
"diqwiki"	"s3-analytics-slave.eqiad.wmnet"	"diq"	"wiki"
"dkwiki"	"s3-analytics-slave.eqiad.wmnet"	"dk"	"wiki"
"dkwikibooks"	"s3-analytics-slave.eqiad.wmnet"	"dk"	"wikibooks"
"dkwikimedia"	"s3-analytics-slave.eqiad.wmnet"	"dk"	"wikimedia"
"dsbwiki"	"s3-analytics-slave.eqiad.wmnet"	"dsb"	"wiki"
"dvwiki"	"s3-analytics-slave.eqiad.wmnet"	"dv"	"wiki"
"dzwiki"	"s3-analytics-slave.eqiad.wmnet"	"dz"	"wiki"
"eewiki"	"s3-analytics-slave.eqiad.wmnet"	"ee"	"wiki"
"elwiki"	"s3-analytics-slave.eqiad.wmnet"	"el"	"wiki"
"elwikibooks"	"s3-analytics-slave.eqiad.wmnet"	"el"	"wikibooks"
"elwikinews"	"s3-analytics-slave.eqiad.wmnet"	"el"	"wikinews"
"elwikiquote"	"s3-analytics-slave.eqiad.wmnet"	"el"	"wikiquote"
"elwikisource"	"s3-analytics-slave.eqiad.wmnet"	"el"	"wikisource"
"elwikiversity"	"s3-analytics-slave.eqiad.wmnet"	"el"	"wikiversity"
"elwikivoyage"	"s3-analytics-slave.eqiad.wmnet"	"el"	"wikivoyage"
"emlwiki"	"s3-analytics-slave.eqiad.wmnet"	"eml"	"wiki"
"enwikibooks"	"s3-analytics-slave.eqiad.wmnet"	"en"	"wikibooks"
"enwikinews"	"s3-analytics-slave.eqiad.wmnet"	"en"	"wikinews"
"enwikisource"	"s3-analytics-slave.eqiad.wmnet"	"en"	"wikisource"
"enwikiversity"	"s3-analytics-slave.eqiad.wmnet"	"en"	"wikiversity"
"enwikivoyage"	"s3-analytics-slave.eqiad.wmnet"	"en"	"wikivoyage"
"eowikibooks"	"s3-analytics-slave.eqiad.wmnet"	"eo"	"wikibooks"
"eowikinews"	"s3-analytics-slave.eqiad.wmnet"	"eo"	"wikinews"
"eowikiquote"	"s3-analytics-slave.eqiad.wmnet"	"eo"	"wikiquote"
"eowikisource"	"s3-analytics-slave.eqiad.wmnet"	"eo"	"wikisource"
"eswiki"	"s3-analytics-slave.eqiad.wmnet"	"es"	"wiki"
"eswikibooks"	"s3-analytics-slave.eqiad.wmnet"	"es"	"wikibooks"
"eswikinews"	"s3-analytics-slave.eqiad.wmnet"	"es"	"wikinews"
"eswikiquote"	"s3-analytics-slave.eqiad.wmnet"	"es"	"wikiquote"
"eswikisource"	"s3-analytics-slave.eqiad.wmnet"	"es"	"wikisource"
"eswikiversity"	"s3-analytics-slave.eqiad.wmnet"	"es"	"wikiversity"
"eswikivoyage"	"s3-analytics-slave.eqiad.wmnet"	"es"	"wikivoyage"
"etwiki"	"s3-analytics-slave.eqiad.wmnet"	"et"	"wiki"
"etwikibooks"	"s3-analytics-slave.eqiad.wmnet"	"et"	"wikibooks"
"etwikimedia"	"s3-analytics-slave.eqiad.wmnet"	"et"	"wikimedia"
"etwikiquote"	"s3-analytics-slave.eqiad.wmnet"	"et"	"wikiquote"
"etwikisource"	"s3-analytics-slave.eqiad.wmnet"	"et"	"wikisource"
"euwiki"	"s3-analytics-slave.eqiad.wmnet"	"eu"	"wiki"
"euwikibooks"	"s3-analytics-slave.eqiad.wmnet"	"eu"	"wikibooks"
"euwikiquote"	"s3-analytics-slave.eqiad.wmnet"	"eu"	"wikiquote"
"execwiki"	"s3-analytics-slave.eqiad.wmnet"	"exec"	"wiki"
"extwiki"	"s3-analytics-slave.eqiad.wmnet"	"ext"	"wiki"
"fawiki"	"s3-analytics-slave.eqiad.wmnet"	"fa"	"wiki"
"fawikibooks"	"s3-analytics-slave.eqiad.wmnet"	"fa"	"wikibooks"
"fawikinews"	"s3-analytics-slave.eqiad.wmnet"	"fa"	"wikinews"
"fawikiquote"	"s3-analytics-slave.eqiad.wmnet"	"fa"	"wikiquote"
"fawikisource"	"s3-analytics-slave.eqiad.wmnet"	"fa"	"wikisource"
"fdcwiki"	"s3-analytics-slave.eqiad.wmnet"	"fdc"	"wiki"
"ffwiki"	"s3-analytics-slave.eqiad.wmnet"	"ff"	"wiki"
"fiu_vrowiki"	"s3-analytics-slave.eqiad.wmnet"	"fiu-vro"	"wiki"
"fiwikibooks"	"s3-analytics-slave.eqiad.wmnet"	"fi"	"wikibooks"
"fiwikimedia"	"s3-analytics-slave.eqiad.wmnet"	"fi"	"wikimedia"
"fiwikinews"	"s3-analytics-slave.eqiad.wmnet"	"fi"	"wikinews"
"fiwikiquote"	"s3-analytics-slave.eqiad.wmnet"	"fi"	"wikiquote"
"fiwikisource"	"s3-analytics-slave.eqiad.wmnet"	"fi"	"wikisource"
"fiwikiversity"	"s3-analytics-slave.eqiad.wmnet"	"fi"	"wikiversity"
"fjwiki"	"s3-analytics-slave.eqiad.wmnet"	"fj"	"wiki"
"fowiki"	"s3-analytics-slave.eqiad.wmnet"	"fo"	"wiki"
"fowikisource"	"s3-analytics-slave.eqiad.wmnet"	"fo"	"wikisource"
"frpwiki"	"s3-analytics-slave.eqiad.wmnet"	"frp"	"wiki"
"frrwiki"	"s3-analytics-slave.eqiad.wmnet"	"frr"	"wiki"
"frwikibooks"	"s3-analytics-slave.eqiad.wmnet"	"fr"	"wikibooks"
"frwikinews"	"s3-analytics-slave.eqiad.wmnet"	"fr"	"wikinews"
"frwikiquote"	"s3-analytics-slave.eqiad.wmnet"	"fr"	"wikiquote"
"frwikisource"	"s3-analytics-slave.eqiad.wmnet"	"fr"	"wikisource"
"frwikiversity"	"s3-analytics-slave.eqiad.wmnet"	"fr"	"wikiversity"
"frwikivoyage"	"s3-analytics-slave.eqiad.wmnet"	"fr"	"wikivoyage"
"furwiki"	"s3-analytics-slave.eqiad.wmnet"	"fur"	"wiki"
"fywiki"	"s3-analytics-slave.eqiad.wmnet"	"fy"	"wiki"
"fywikibooks"	"s3-analytics-slave.eqiad.wmnet"	"fy"	"wikibooks"
"gagwiki"	"s3-analytics-slave.eqiad.wmnet"	"gag"	"wiki"
"ganwiki"	"s3-analytics-slave.eqiad.wmnet"	"gan"	"wiki"
"gawiki"	"s3-analytics-slave.eqiad.wmnet"	"ga"	"wiki"
"gawikibooks"	"s3-analytics-slave.eqiad.wmnet"	"ga"	"wikibooks"
"gawikiquote"	"s3-analytics-slave.eqiad.wmnet"	"ga"	"wikiquote"
"gdwiki"	"s3-analytics-slave.eqiad.wmnet"	"gd"	"wiki"
"glkwiki"	"s3-analytics-slave.eqiad.wmnet"	"glk"	"wiki"
"glwiki"	"s3-analytics-slave.eqiad.wmnet"	"gl"	"wiki"
"glwikibooks"	"s3-analytics-slave.eqiad.wmnet"	"gl"	"wikibooks"
"glwikiquote"	"s3-analytics-slave.eqiad.wmnet"	"gl"	"wikiquote"
"glwikisource"	"s3-analytics-slave.eqiad.wmnet"	"gl"	"wikisource"
"gnwiki"	"s3-analytics-slave.eqiad.wmnet"	"gn"	"wiki"
"gnwikibooks"	"s3-analytics-slave.eqiad.wmnet"	"gn"	"wikibooks"
"gotwiki"	"s3-analytics-slave.eqiad.wmnet"	"got"	"wiki"
"gotwikibooks"	"s3-analytics-slave.eqiad.wmnet"	"got"	"wikibooks"
"guwiki"	"s3-analytics-slave.eqiad.wmnet"	"gu"	"wiki"
"guwikibooks"	"s3-analytics-slave.eqiad.wmnet"	"gu"	"wikibooks"
"guwikiquote"	"s3-analytics-slave.eqiad.wmnet"	"gu"	"wikiquote"
"guwikisource"	"s3-analytics-slave.eqiad.wmnet"	"gu"	"wikisource"
"gvwiki"	"s3-analytics-slave.eqiad.wmnet"	"gv"	"wiki"
"hakwiki"	"s3-analytics-slave.eqiad.wmnet"	"hak"	"wiki"
"hawiki"	"s3-analytics-slave.eqiad.wmnet"	"ha"	"wiki"
"hawwiki"	"s3-analytics-slave.eqiad.wmnet"	"haw"	"wiki"
"hewiki"	"s3-analytics-slave.eqiad.wmnet"	"he"	"wiki"
"hewikibooks"	"s3-analytics-slave.eqiad.wmnet"	"he"	"wikibooks"
"hewikinews"	"s3-analytics-slave.eqiad.wmnet"	"he"	"wikinews"
"hewikiquote"	"s3-analytics-slave.eqiad.wmnet"	"he"	"wikiquote"
"hewikisource"	"s3-analytics-slave.eqiad.wmnet"	"he"	"wikisource"
"hewikivoyage"	"s3-analytics-slave.eqiad.wmnet"	"he"	"wikivoyage"
"hifwiki"	"s3-analytics-slave.eqiad.wmnet"	"hif"	"wiki"
"hiwiki"	"s3-analytics-slave.eqiad.wmnet"	"hi"	"wiki"
"hiwikibooks"	"s3-analytics-slave.eqiad.wmnet"	"hi"	"wikibooks"
"hiwikiquote"	"s3-analytics-slave.eqiad.wmnet"	"hi"	"wikiquote"
"howiki"	"s3-analytics-slave.eqiad.wmnet"	"ho"	"wiki"
"hrwiki"	"s3-analytics-slave.eqiad.wmnet"	"hr"	"wiki"
"hrwikibooks"	"s3-analytics-slave.eqiad.wmnet"	"hr"	"wikibooks"
"hrwikiquote"	"s3-analytics-slave.eqiad.wmnet"	"hr"	"wikiquote"
"hrwikisource"	"s3-analytics-slave.eqiad.wmnet"	"hr"	"wikisource"
"hsbwiki"	"s3-analytics-slave.eqiad.wmnet"	"hsb"	"wiki"
"htwiki"	"s3-analytics-slave.eqiad.wmnet"	"ht"	"wiki"
"htwikisource"	"s3-analytics-slave.eqiad.wmnet"	"ht"	"wikisource"
"huwiki"	"s3-analytics-slave.eqiad.wmnet"	"hu"	"wiki"
"huwikibooks"	"s3-analytics-slave.eqiad.wmnet"	"hu"	"wikibooks"
"huwikinews"	"s3-analytics-slave.eqiad.wmnet"	"hu"	"wikinews"
"huwikiquote"	"s3-analytics-slave.eqiad.wmnet"	"hu"	"wikiquote"
"huwikisource"	"s3-analytics-slave.eqiad.wmnet"	"hu"	"wikisource"
"hywiki"	"s3-analytics-slave.eqiad.wmnet"	"hy"	"wiki"
"hywikibooks"	"s3-analytics-slave.eqiad.wmnet"	"hy"	"wikibooks"
"hywikiquote"	"s3-analytics-slave.eqiad.wmnet"	"hy"	"wikiquote"
"hywikisource"	"s3-analytics-slave.eqiad.wmnet"	"hy"	"wikisource"
"hzwiki"	"s3-analytics-slave.eqiad.wmnet"	"hz"	"wiki"
"iawiki"	"s3-analytics-slave.eqiad.wmnet"	"ia"	"wiki"
"iawikibooks"	"s3-analytics-slave.eqiad.wmnet"	"ia"	"wikibooks"
"idwikibooks"	"s3-analytics-slave.eqiad.wmnet"	"id"	"wikibooks"
"idwikiquote"	"s3-analytics-slave.eqiad.wmnet"	"id"	"wikiquote"
"idwikisource"	"s3-analytics-slave.eqiad.wmnet"	"id"	"wikisource"
"iewiki"	"s3-analytics-slave.eqiad.wmnet"	"ie"	"wiki"
"iewikibooks"	"s3-analytics-slave.eqiad.wmnet"	"ie"	"wikibooks"
"igwiki"	"s3-analytics-slave.eqiad.wmnet"	"ig"	"wiki"
"iiwiki"	"s3-analytics-slave.eqiad.wmnet"	"ii"	"wiki"
"ikwiki"	"s3-analytics-slave.eqiad.wmnet"	"ik"	"wiki"
"ilowiki"	"s3-analytics-slave.eqiad.wmnet"	"ilo"	"wiki"
"ilwikimedia"	"s3-analytics-slave.eqiad.wmnet"	"il"	"wikimedia"
"iowiki"	"s3-analytics-slave.eqiad.wmnet"	"io"	"wiki"
"iswiki"	"s3-analytics-slave.eqiad.wmnet"	"is"	"wiki"
"iswikibooks"	"s3-analytics-slave.eqiad.wmnet"	"is"	"wikibooks"
"iswikiquote"	"s3-analytics-slave.eqiad.wmnet"	"is"	"wikiquote"
"iswikisource"	"s3-analytics-slave.eqiad.wmnet"	"is"	"wikisource"
"itwikibooks"	"s3-analytics-slave.eqiad.wmnet"	"it"	"wikibooks"
"itwikinews"	"s3-analytics-slave.eqiad.wmnet"	"it"	"wikinews"
"itwikiquote"	"s3-analytics-slave.eqiad.wmnet"	"it"	"wikiquote"
"itwikisource"	"s3-analytics-slave.eqiad.wmnet"	"it"	"wikisource"
"itwikiversity"	"s3-analytics-slave.eqiad.wmnet"	"it"	"wikiversity"
"itwikivoyage"	"s3-analytics-slave.eqiad.wmnet"	"it"	"wikivoyage"
"iuwiki"	"s3-analytics-slave.eqiad.wmnet"	"iu"	"wiki"
"jawikibooks"	"s3-analytics-slave.eqiad.wmnet"	"ja"	"wikibooks"
"jawikinews"	"s3-analytics-slave.eqiad.wmnet"	"ja"	"wikinews"
"jawikiquote"	"s3-analytics-slave.eqiad.wmnet"	"ja"	"wikiquote"
"jawikisource"	"s3-analytics-slave.eqiad.wmnet"	"ja"	"wikisource"
"jawikiversity"	"s3-analytics-slave.eqiad.wmnet"	"ja"	"wikiversity"
"jbowiki"	"s3-analytics-slave.eqiad.wmnet"	"jbo"	"wiki"
"jvwiki"	"s3-analytics-slave.eqiad.wmnet"	"jv"	"wiki"
"kaawiki"	"s3-analytics-slave.eqiad.wmnet"	"kaa"	"wiki"
"kabwiki"	"s3-analytics-slave.eqiad.wmnet"	"kab"	"wiki"
"kawiki"	"s3-analytics-slave.eqiad.wmnet"	"ka"	"wiki"
"kawikibooks"	"s3-analytics-slave.eqiad.wmnet"	"ka"	"wikibooks"
"kawikiquote"	"s3-analytics-slave.eqiad.wmnet"	"ka"	"wikiquote"
"kbdwiki"	"s3-analytics-slave.eqiad.wmnet"	"kbd"	"wiki"
"kgwiki"	"s3-analytics-slave.eqiad.wmnet"	"kg"	"wiki"
"kiwiki"	"s3-analytics-slave.eqiad.wmnet"	"ki"	"wiki"
"kjwiki"	"s3-analytics-slave.eqiad.wmnet"	"kj"	"wiki"
"kkwiki"	"s3-analytics-slave.eqiad.wmnet"	"kk"	"wiki"
"kkwikibooks"	"s3-analytics-slave.eqiad.wmnet"	"kk"	"wikibooks"
"kkwikiquote"	"s3-analytics-slave.eqiad.wmnet"	"kk"	"wikiquote"
"klwiki"	"s3-analytics-slave.eqiad.wmnet"	"kl"	"wiki"
"kmwiki"	"s3-analytics-slave.eqiad.wmnet"	"km"	"wiki"
"kmwikibooks"	"s3-analytics-slave.eqiad.wmnet"	"km"	"wikibooks"
"knwiki"	"s3-analytics-slave.eqiad.wmnet"	"kn"	"wiki"
"knwikibooks"	"s3-analytics-slave.eqiad.wmnet"	"kn"	"wikibooks"
"knwikiquote"	"s3-analytics-slave.eqiad.wmnet"	"kn"	"wikiquote"
"knwikisource"	"s3-analytics-slave.eqiad.wmnet"	"kn"	"wikisource"
"koiwiki"	"s3-analytics-slave.eqiad.wmnet"	"koi"	"wiki"
"kowiki"	"s3-analytics-slave.eqiad.wmnet"	"ko"	"wiki"
"kowikibooks"	"s3-analytics-slave.eqiad.wmnet"	"ko"	"wikibooks"
"kowikinews"	"s3-analytics-slave.eqiad.wmnet"	"ko"	"wikinews"
"kowikiquote"	"s3-analytics-slave.eqiad.wmnet"	"ko"	"wikiquote"
"kowikisource"	"s3-analytics-slave.eqiad.wmnet"	"ko"	"wikisource"
"kowikiversity"	"s3-analytics-slave.eqiad.wmnet"	"ko"	"wikiversity"
"krcwiki"	"s3-analytics-slave.eqiad.wmnet"	"krc"	"wiki"
"krwiki"	"s3-analytics-slave.eqiad.wmnet"	"kr"	"wiki"
"krwikiquote"	"s3-analytics-slave.eqiad.wmnet"	"kr"	"wikiquote"
"kshwiki"	"s3-analytics-slave.eqiad.wmnet"	"ksh"	"wiki"
"kswiki"	"s3-analytics-slave.eqiad.wmnet"	"ks"	"wiki"
"kswikibooks"	"s3-analytics-slave.eqiad.wmnet"	"ks"	"wikibooks"
"kswikiquote"	"s3-analytics-slave.eqiad.wmnet"	"ks"	"wikiquote"
"kuwiki"	"s3-analytics-slave.eqiad.wmnet"	"ku"	"wiki"
"kuwikibooks"	"s3-analytics-slave.eqiad.wmnet"	"ku"	"wikibooks"
"kuwikiquote"	"s3-analytics-slave.eqiad.wmnet"	"ku"	"wikiquote"
"kvwiki"	"s3-analytics-slave.eqiad.wmnet"	"kv"	"wiki"
"kwwiki"	"s3-analytics-slave.eqiad.wmnet"	"kw"	"wiki"
"kwwikiquote"	"s3-analytics-slave.eqiad.wmnet"	"kw"	"wikiquote"
"kywiki"	"s3-analytics-slave.eqiad.wmnet"	"ky"	"wiki"
"kywikibooks"	"s3-analytics-slave.eqiad.wmnet"	"ky"	"wikibooks"
"kywikiquote"	"s3-analytics-slave.eqiad.wmnet"	"ky"	"wikiquote"
"ladwiki"	"s3-analytics-slave.eqiad.wmnet"	"lad"	"wiki"
"lawiki"	"s3-analytics-slave.eqiad.wmnet"	"la"	"wiki"
"lawikibooks"	"s3-analytics-slave.eqiad.wmnet"	"la"	"wikibooks"
"lawikiquote"	"s3-analytics-slave.eqiad.wmnet"	"la"	"wikiquote"
"lawikisource"	"s3-analytics-slave.eqiad.wmnet"	"la"	"wikisource"
"lbewiki"	"s3-analytics-slave.eqiad.wmnet"	"lbe"	"wiki"
"lbwiki"	"s3-analytics-slave.eqiad.wmnet"	"lb"	"wiki"
"lbwikibooks"	"s3-analytics-slave.eqiad.wmnet"	"lb"	"wikibooks"
"lbwikiquote"	"s3-analytics-slave.eqiad.wmnet"	"lb"	"wikiquote"
"lezwiki"	"s3-analytics-slave.eqiad.wmnet"	"lez"	"wiki"
"lgwiki"	"s3-analytics-slave.eqiad.wmnet"	"lg"	"wiki"
"lijwiki"	"s3-analytics-slave.eqiad.wmnet"	"lij"	"wiki"
"liwiki"	"s3-analytics-slave.eqiad.wmnet"	"li"	"wiki"
"liwikibooks"	"s3-analytics-slave.eqiad.wmnet"	"li"	"wikibooks"
"liwikiquote"	"s3-analytics-slave.eqiad.wmnet"	"li"	"wikiquote"
"liwikisource"	"s3-analytics-slave.eqiad.wmnet"	"li"	"wikisource"
"lmowiki"	"s3-analytics-slave.eqiad.wmnet"	"lmo"	"wiki"
"lnwiki"	"s3-analytics-slave.eqiad.wmnet"	"ln"	"wiki"
"lnwikibooks"	"s3-analytics-slave.eqiad.wmnet"	"ln"	"wikibooks"
"lowiki"	"s3-analytics-slave.eqiad.wmnet"	"lo"	"wiki"
"ltgwiki"	"s3-analytics-slave.eqiad.wmnet"	"ltg"	"wiki"
"ltwiki"	"s3-analytics-slave.eqiad.wmnet"	"lt"	"wiki"
"ltwikibooks"	"s3-analytics-slave.eqiad.wmnet"	"lt"	"wikibooks"
"ltwikiquote"	"s3-analytics-slave.eqiad.wmnet"	"lt"	"wikiquote"
"ltwikisource"	"s3-analytics-slave.eqiad.wmnet"	"lt"	"wikisource"
"lvwiki"	"s3-analytics-slave.eqiad.wmnet"	"lv"	"wiki"
"lvwikibooks"	"s3-analytics-slave.eqiad.wmnet"	"lv"	"wikibooks"
"map_bmswiki"	"s3-analytics-slave.eqiad.wmnet"	"map-bms"	"wiki"
"mdfwiki"	"s3-analytics-slave.eqiad.wmnet"	"mdf"	"wiki"
"mgwiki"	"s3-analytics-slave.eqiad.wmnet"	"mg"	"wiki"
"mgwikibooks"	"s3-analytics-slave.eqiad.wmnet"	"mg"	"wikibooks"
"mhrwiki"	"s3-analytics-slave.eqiad.wmnet"	"mhr"	"wiki"
"mhwiki"	"s3-analytics-slave.eqiad.wmnet"	"mh"	"wiki"
"minnanwiki"	"s3-analytics-slave.eqiad.wmnet"	"minnan"	"wiki"
"minwiki"	"s3-analytics-slave.eqiad.wmnet"	"min"	"wiki"
"miwiki"	"s3-analytics-slave.eqiad.wmnet"	"mi"	"wiki"
"miwikibooks"	"s3-analytics-slave.eqiad.wmnet"	"mi"	"wikibooks"
"mkwiki"	"s3-analytics-slave.eqiad.wmnet"	"mk"	"wiki"
"mkwikibooks"	"s3-analytics-slave.eqiad.wmnet"	"mk"	"wikibooks"
"mkwikimedia"	"s3-analytics-slave.eqiad.wmnet"	"mk"	"wikimedia"
"mkwikisource"	"s3-analytics-slave.eqiad.wmnet"	"mk"	"wikisource"
"mlwiki"	"s3-analytics-slave.eqiad.wmnet"	"ml"	"wiki"
"mlwikibooks"	"s3-analytics-slave.eqiad.wmnet"	"ml"	"wikibooks"
"mlwikiquote"	"s3-analytics-slave.eqiad.wmnet"	"ml"	"wikiquote"
"mlwikisource"	"s3-analytics-slave.eqiad.wmnet"	"ml"	"wikisource"
"mnwiki"	"s3-analytics-slave.eqiad.wmnet"	"mn"	"wiki"
"mnwikibooks"	"s3-analytics-slave.eqiad.wmnet"	"mn"	"wikibooks"
"mowiki"	"s3-analytics-slave.eqiad.wmnet"	"mo"	"wiki"
"mrjwiki"	"s3-analytics-slave.eqiad.wmnet"	"mrj"	"wiki"
"mrwiki"	"s3-analytics-slave.eqiad.wmnet"	"mr"	"wiki"
"mrwikibooks"	"s3-analytics-slave.eqiad.wmnet"	"mr"	"wikibooks"
"mrwikiquote"	"s3-analytics-slave.eqiad.wmnet"	"mr"	"wikiquote"
"mrwikisource"	"s3-analytics-slave.eqiad.wmnet"	"mr"	"wikisource"
"mswiki"	"s3-analytics-slave.eqiad.wmnet"	"ms"	"wiki"
"mswikibooks"	"s3-analytics-slave.eqiad.wmnet"	"ms"	"wikibooks"
"mtwiki"	"s3-analytics-slave.eqiad.wmnet"	"mt"	"wiki"
"muswiki"	"s3-analytics-slave.eqiad.wmnet"	"mus"	"wiki"
"mwlwiki"	"s3-analytics-slave.eqiad.wmnet"	"mwl"	"wiki"
"mxwikimedia"	"s3-analytics-slave.eqiad.wmnet"	"mx"	"wikimedia"
"myvwiki"	"s3-analytics-slave.eqiad.wmnet"	"myv"	"wiki"
"mywiki"	"s3-analytics-slave.eqiad.wmnet"	"my"	"wiki"
"mywikibooks"	"s3-analytics-slave.eqiad.wmnet"	"my"	"wikibooks"
"mznwiki"	"s3-analytics-slave.eqiad.wmnet"	"mzn"	"wiki"
"nahwiki"	"s3-analytics-slave.eqiad.wmnet"	"nah"	"wiki"
"nahwikibooks"	"s3-analytics-slave.eqiad.wmnet"	"nah"	"wikibooks"
"napwiki"	"s3-analytics-slave.eqiad.wmnet"	"nap"	"wiki"
"nawiki"	"s3-analytics-slave.eqiad.wmnet"	"na"	"wiki"
"nawikibooks"	"s3-analytics-slave.eqiad.wmnet"	"na"	"wikibooks"
"nawikiquote"	"s3-analytics-slave.eqiad.wmnet"	"na"	"wikiquote"
"nds_nlwiki"	"s3-analytics-slave.eqiad.wmnet"	"nds-nl"	"wiki"
"ndswiki"	"s3-analytics-slave.eqiad.wmnet"	"nds"	"wiki"
"ndswikibooks"	"s3-analytics-slave.eqiad.wmnet"	"nds"	"wikibooks"
"ndswikiquote"	"s3-analytics-slave.eqiad.wmnet"	"nds"	"wikiquote"
"newiki"	"s3-analytics-slave.eqiad.wmnet"	"ne"	"wiki"
"newikibooks"	"s3-analytics-slave.eqiad.wmnet"	"ne"	"wikibooks"
"newwiki"	"s3-analytics-slave.eqiad.wmnet"	"new"	"wiki"
"ngwiki"	"s3-analytics-slave.eqiad.wmnet"	"ng"	"wiki"
"nlwikibooks"	"s3-analytics-slave.eqiad.wmnet"	"nl"	"wikibooks"
"nlwikimedia"	"s3-analytics-slave.eqiad.wmnet"	"nl"	"wikimedia"
"nlwikinews"	"s3-analytics-slave.eqiad.wmnet"	"nl"	"wikinews"
"nlwikiquote"	"s3-analytics-slave.eqiad.wmnet"	"nl"	"wikiquote"
"nlwikisource"	"s3-analytics-slave.eqiad.wmnet"	"nl"	"wikisource"
"nlwikivoyage"	"s3-analytics-slave.eqiad.wmnet"	"nl"	"wikivoyage"
"nnwiki"	"s3-analytics-slave.eqiad.wmnet"	"nn"	"wiki"
"nnwikiquote"	"s3-analytics-slave.eqiad.wmnet"	"nn"	"wikiquote"
"novwiki"	"s3-analytics-slave.eqiad.wmnet"	"nov"	"wiki"
"nowikibooks"	"s3-analytics-slave.eqiad.wmnet"	"no"	"wikibooks"
"nowikimedia"	"s3-analytics-slave.eqiad.wmnet"	"no"	"wikimedia"
"nowikinews"	"s3-analytics-slave.eqiad.wmnet"	"no"	"wikinews"
"nowikiquote"	"s3-analytics-slave.eqiad.wmnet"	"no"	"wikiquote"
"nowikisource"	"s3-analytics-slave.eqiad.wmnet"	"no"	"wikisource"
"nrmwiki"	"s3-analytics-slave.eqiad.wmnet"	"nrm"	"wiki"
"nsowiki"	"s3-analytics-slave.eqiad.wmnet"	"nso"	"wiki"
"nvwiki"	"s3-analytics-slave.eqiad.wmnet"	"nv"	"wiki"
"nycwikimedia"	"s3-analytics-slave.eqiad.wmnet"	"nyc"	"wikimedia"
"nywiki"	"s3-analytics-slave.eqiad.wmnet"	"ny"	"wiki"
"nzwikimedia"	"s3-analytics-slave.eqiad.wmnet"	"nz"	"wikimedia"
"ocwiki"	"s3-analytics-slave.eqiad.wmnet"	"oc"	"wiki"
"ocwikibooks"	"s3-analytics-slave.eqiad.wmnet"	"oc"	"wikibooks"
"omwiki"	"s3-analytics-slave.eqiad.wmnet"	"om"	"wiki"
"orwiki"	"s3-analytics-slave.eqiad.wmnet"	"or"	"wiki"
"oswiki"	"s3-analytics-slave.eqiad.wmnet"	"os"	"wiki"
"pa_uswikimedia"	"s3-analytics-slave.eqiad.wmnet"	"pa-us"	"wikimedia"
"pagwiki"	"s3-analytics-slave.eqiad.wmnet"	"pag"	"wiki"
"pamwiki"	"s3-analytics-slave.eqiad.wmnet"	"pam"	"wiki"
"papwiki"	"s3-analytics-slave.eqiad.wmnet"	"pap"	"wiki"
"pawiki"	"s3-analytics-slave.eqiad.wmnet"	"pa"	"wiki"
"pawikibooks"	"s3-analytics-slave.eqiad.wmnet"	"pa"	"wikibooks"
"pcdwiki"	"s3-analytics-slave.eqiad.wmnet"	"pcd"	"wiki"
"pdcwiki"	"s3-analytics-slave.eqiad.wmnet"	"pdc"	"wiki"
"pflwiki"	"s3-analytics-slave.eqiad.wmnet"	"pfl"	"wiki"
"pihwiki"	"s3-analytics-slave.eqiad.wmnet"	"pih"	"wiki"
"piwiki"	"s3-analytics-slave.eqiad.wmnet"	"pi"	"wiki"
"plwikibooks"	"s3-analytics-slave.eqiad.wmnet"	"pl"	"wikibooks"
"plwikimedia"	"s3-analytics-slave.eqiad.wmnet"	"pl"	"wikimedia"
"plwikinews"	"s3-analytics-slave.eqiad.wmnet"	"pl"	"wikinews"
"plwikiquote"	"s3-analytics-slave.eqiad.wmnet"	"pl"	"wikiquote"
"plwikisource"	"s3-analytics-slave.eqiad.wmnet"	"pl"	"wikisource"
"plwikivoyage"	"s3-analytics-slave.eqiad.wmnet"	"pl"	"wikivoyage"
"pmswiki"	"s3-analytics-slave.eqiad.wmnet"	"pms"	"wiki"
"pnbwiki"	"s3-analytics-slave.eqiad.wmnet"	"pnb"	"wiki"
"pntwiki"	"s3-analytics-slave.eqiad.wmnet"	"pnt"	"wiki"
"pswiki"	"s3-analytics-slave.eqiad.wmnet"	"ps"	"wiki"
"pswikibooks"	"s3-analytics-slave.eqiad.wmnet"	"ps"	"wikibooks"
"ptwikibooks"	"s3-analytics-slave.eqiad.wmnet"	"pt"	"wikibooks"
"ptwikimedia"	"s3-analytics-slave.eqiad.wmnet"	"pt"	"wikimedia"
"ptwikinews"	"s3-analytics-slave.eqiad.wmnet"	"pt"	"wikinews"
"ptwikiquote"	"s3-analytics-slave.eqiad.wmnet"	"pt"	"wikiquote"
"ptwikisource"	"s3-analytics-slave.eqiad.wmnet"	"pt"	"wikisource"
"ptwikiversity"	"s3-analytics-slave.eqiad.wmnet"	"pt"	"wikiversity"
"ptwikivoyage"	"s3-analytics-slave.eqiad.wmnet"	"pt"	"wikivoyage"
"quwiki"	"s3-analytics-slave.eqiad.wmnet"	"qu"	"wiki"
"quwikibooks"	"s3-analytics-slave.eqiad.wmnet"	"qu"	"wikibooks"
"quwikiquote"	"s3-analytics-slave.eqiad.wmnet"	"qu"	"wikiquote"
"rmwiki"	"s3-analytics-slave.eqiad.wmnet"	"rm"	"wiki"
"rmwikibooks"	"s3-analytics-slave.eqiad.wmnet"	"rm"	"wikibooks"
"rmywiki"	"s3-analytics-slave.eqiad.wmnet"	"rmy"	"wiki"
"rnwiki"	"s3-analytics-slave.eqiad.wmnet"	"rn"	"wiki"
"roa_rupwiki"	"s3-analytics-slave.eqiad.wmnet"	"roa-rup"	"wiki"
"roa_tarawiki"	"s3-analytics-slave.eqiad.wmnet"	"roa-tara"	"wiki"
"rowikibooks"	"s3-analytics-slave.eqiad.wmnet"	"ro"	"wikibooks"
"rowikinews"	"s3-analytics-slave.eqiad.wmnet"	"ro"	"wikinews"
"rowikiquote"	"s3-analytics-slave.eqiad.wmnet"	"ro"	"wikiquote"
"rowikisource"	"s3-analytics-slave.eqiad.wmnet"	"ro"	"wikisource"
"rowikivoyage"	"s3-analytics-slave.eqiad.wmnet"	"ro"	"wikivoyage"
"rswikimedia"	"s3-analytics-slave.eqiad.wmnet"	"rs"	"wikimedia"
"ru_sibwiki"	"s3-analytics-slave.eqiad.wmnet"	"ru-sib"	"wiki"
"ruewiki"	"s3-analytics-slave.eqiad.wmnet"	"rue"	"wiki"
"ruwikibooks"	"s3-analytics-slave.eqiad.wmnet"	"ru"	"wikibooks"
"ruwikimedia"	"s3-analytics-slave.eqiad.wmnet"	"ru"	"wikimedia"
"ruwikinews"	"s3-analytics-slave.eqiad.wmnet"	"ru"	"wikinews"
"ruwikiquote"	"s3-analytics-slave.eqiad.wmnet"	"ru"	"wikiquote"
"ruwikisource"	"s3-analytics-slave.eqiad.wmnet"	"ru"	"wikisource"
"ruwikiversity"	"s3-analytics-slave.eqiad.wmnet"	"ru"	"wikiversity"
"ruwikivoyage"	"s3-analytics-slave.eqiad.wmnet"	"ru"	"wikivoyage"
"rwwiki"	"s3-analytics-slave.eqiad.wmnet"	"rw"	"wiki"
"sahwiki"	"s3-analytics-slave.eqiad.wmnet"	"sah"	"wiki"
"sahwikisource"	"s3-analytics-slave.eqiad.wmnet"	"sah"	"wikisource"
"sawiki"	"s3-analytics-slave.eqiad.wmnet"	"sa"	"wiki"
"sawikibooks"	"s3-analytics-slave.eqiad.wmnet"	"sa"	"wikibooks"
"sawikiquote"	"s3-analytics-slave.eqiad.wmnet"	"sa"	"wikiquote"
"sawikisource"	"s3-analytics-slave.eqiad.wmnet"	"sa"	"wikisource"
"scnwiki"	"s3-analytics-slave.eqiad.wmnet"	"scn"	"wiki"
"scowiki"	"s3-analytics-slave.eqiad.wmnet"	"sco"	"wiki"
"scwiki"	"s3-analytics-slave.eqiad.wmnet"	"sc"	"wiki"
"sdwiki"	"s3-analytics-slave.eqiad.wmnet"	"sd"	"wiki"
"sdwikinews"	"s3-analytics-slave.eqiad.wmnet"	"sd"	"wikinews"
"sewiki"	"s3-analytics-slave.eqiad.wmnet"	"se"	"wiki"
"sewikibooks"	"s3-analytics-slave.eqiad.wmnet"	"se"	"wikibooks"
"sewikimedia"	"s3-analytics-slave.eqiad.wmnet"	"se"	"wikimedia"
"sgwiki"	"s3-analytics-slave.eqiad.wmnet"	"sg"	"wiki"
"shwiki"	"s3-analytics-slave.eqiad.wmnet"	"sh"	"wiki"
"siwiki"	"s3-analytics-slave.eqiad.wmnet"	"si"	"wiki"
"siwikibooks"	"s3-analytics-slave.eqiad.wmnet"	"si"	"wikibooks"
"skwiki"	"s3-analytics-slave.eqiad.wmnet"	"sk"	"wiki"
"skwikibooks"	"s3-analytics-slave.eqiad.wmnet"	"sk"	"wikibooks"
"skwikiquote"	"s3-analytics-slave.eqiad.wmnet"	"sk"	"wikiquote"
"skwikisource"	"s3-analytics-slave.eqiad.wmnet"	"sk"	"wikisource"
"slwiki"	"s3-analytics-slave.eqiad.wmnet"	"sl"	"wiki"
"slwikibooks"	"s3-analytics-slave.eqiad.wmnet"	"sl"	"wikibooks"
"slwikiquote"	"s3-analytics-slave.eqiad.wmnet"	"sl"	"wikiquote"
"slwikisource"	"s3-analytics-slave.eqiad.wmnet"	"sl"	"wikisource"
"slwikiversity"	"s3-analytics-slave.eqiad.wmnet"	"sl"	"wikiversity"
"smwiki"	"s3-analytics-slave.eqiad.wmnet"	"sm"	"wiki"
"snwiki"	"s3-analytics-slave.eqiad.wmnet"	"sn"	"wiki"
"sourceswiki"	"s3-analytics-slave.eqiad.wmnet"	"s"	"wiki"
"sowiki"	"s3-analytics-slave.eqiad.wmnet"	"so"	"wiki"
"sqwiki"	"s3-analytics-slave.eqiad.wmnet"	"sq"	"wiki"
"sqwikibooks"	"s3-analytics-slave.eqiad.wmnet"	"sq"	"wikibooks"
"sqwikinews"	"s3-analytics-slave.eqiad.wmnet"	"sq"	"wikinews"
"sqwikiquote"	"s3-analytics-slave.eqiad.wmnet"	"sq"	"wikiquote"
"srnwiki"	"s3-analytics-slave.eqiad.wmnet"	"srn"	"wiki"
"srwiki"	"s3-analytics-slave.eqiad.wmnet"	"sr"	"wiki"
"srwikibooks"	"s3-analytics-slave.eqiad.wmnet"	"sr"	"wikibooks"
"srwikinews"	"s3-analytics-slave.eqiad.wmnet"	"sr"	"wikinews"
"srwikiquote"	"s3-analytics-slave.eqiad.wmnet"	"sr"	"wikiquote"
"srwikisource"	"s3-analytics-slave.eqiad.wmnet"	"sr"	"wikisource"
"sswiki"	"s3-analytics-slave.eqiad.wmnet"	"ss"	"wiki"
"stqwiki"	"s3-analytics-slave.eqiad.wmnet"	"stq"	"wiki"
"stwiki"	"s3-analytics-slave.eqiad.wmnet"	"st"	"wiki"
"suwiki"	"s3-analytics-slave.eqiad.wmnet"	"su"	"wiki"
"suwikibooks"	"s3-analytics-slave.eqiad.wmnet"	"su"	"wikibooks"
"suwikiquote"	"s3-analytics-slave.eqiad.wmnet"	"su"	"wikiquote"
"svwikibooks"	"s3-analytics-slave.eqiad.wmnet"	"sv"	"wikibooks"
"svwikinews"	"s3-analytics-slave.eqiad.wmnet"	"sv"	"wikinews"
"svwikiquote"	"s3-analytics-slave.eqiad.wmnet"	"sv"	"wikiquote"
"svwikisource"	"s3-analytics-slave.eqiad.wmnet"	"sv"	"wikisource"
"svwikiversity"	"s3-analytics-slave.eqiad.wmnet"	"sv"	"wikiversity"
"svwikivoyage"	"s3-analytics-slave.eqiad.wmnet"	"sv"	"wikivoyage"
"swwiki"	"s3-analytics-slave.eqiad.wmnet"	"sw"	"wiki"
"swwikibooks"	"s3-analytics-slave.eqiad.wmnet"	"sw"	"wikibooks"
"szlwiki"	"s3-analytics-slave.eqiad.wmnet"	"szl"	"wiki"
"tawiki"	"s3-analytics-slave.eqiad.wmnet"	"ta"	"wiki"
"tawikibooks"	"s3-analytics-slave.eqiad.wmnet"	"ta"	"wikibooks"
"tawikinews"	"s3-analytics-slave.eqiad.wmnet"	"ta"	"wikinews"
"tawikiquote"	"s3-analytics-slave.eqiad.wmnet"	"ta"	"wikiquote"
"tawikisource"	"s3-analytics-slave.eqiad.wmnet"	"ta"	"wikisource"
"tenwiki"	"s3-analytics-slave.eqiad.wmnet"	"ten"	"wiki"
"tetwiki"	"s3-analytics-slave.eqiad.wmnet"	"tet"	"wiki"
"tewiki"	"s3-analytics-slave.eqiad.wmnet"	"te"	"wiki"
"tewikibooks"	"s3-analytics-slave.eqiad.wmnet"	"te"	"wikibooks"
"tewikiquote"	"s3-analytics-slave.eqiad.wmnet"	"te"	"wikiquote"
"tewikisource"	"s3-analytics-slave.eqiad.wmnet"	"te"	"wikisource"
"tgwiki"	"s3-analytics-slave.eqiad.wmnet"	"tg"	"wiki"
"tgwikibooks"	"s3-analytics-slave.eqiad.wmnet"	"tg"	"wikibooks"
"thwikibooks"	"s3-analytics-slave.eqiad.wmnet"	"th"	"wikibooks"
"thwikinews"	"s3-analytics-slave.eqiad.wmnet"	"th"	"wikinews"
"thwikiquote"	"s3-analytics-slave.eqiad.wmnet"	"th"	"wikiquote"
"thwikisource"	"s3-analytics-slave.eqiad.wmnet"	"th"	"wikisource"
"tiwiki"	"s3-analytics-slave.eqiad.wmnet"	"ti"	"wiki"
"tkwiki"	"s3-analytics-slave.eqiad.wmnet"	"tk"	"wiki"
"tkwikibooks"	"s3-analytics-slave.eqiad.wmnet"	"tk"	"wikibooks"
"tkwikiquote"	"s3-analytics-slave.eqiad.wmnet"	"tk"	"wikiquote"
"tlhwiki"	"s3-analytics-slave.eqiad.wmnet"	"tlh"	"wiki"
"tlwiki"	"s3-analytics-slave.eqiad.wmnet"	"tl"	"wiki"
"tlwikibooks"	"s3-analytics-slave.eqiad.wmnet"	"tl"	"wikibooks"
"tnwiki"	"s3-analytics-slave.eqiad.wmnet"	"tn"	"wiki"
"tokiponawiki"	"s3-analytics-slave.eqiad.wmnet"	"tokipona"	"wiki"
"tokiponawikibooks"	"s3-analytics-slave.eqiad.wmnet"	"tokipona"	"wikibooks"
"tokiponawikiquote"	"s3-analytics-slave.eqiad.wmnet"	"tokipona"	"wikiquote"
"towiki"	"s3-analytics-slave.eqiad.wmnet"	"to"	"wiki"
"tpiwiki"	"s3-analytics-slave.eqiad.wmnet"	"tpi"	"wiki"
"trwikibooks"	"s3-analytics-slave.eqiad.wmnet"	"tr"	"wikibooks"
"trwikimedia"	"s3-analytics-slave.eqiad.wmnet"	"tr"	"wikimedia"
"trwikinews"	"s3-analytics-slave.eqiad.wmnet"	"tr"	"wikinews"
"trwikiquote"	"s3-analytics-slave.eqiad.wmnet"	"tr"	"wikiquote"
"trwikisource"	"s3-analytics-slave.eqiad.wmnet"	"tr"	"wikisource"
"tswiki"	"s3-analytics-slave.eqiad.wmnet"	"ts"	"wiki"
"ttwiki"	"s3-analytics-slave.eqiad.wmnet"	"tt"	"wiki"
"ttwikibooks"	"s3-analytics-slave.eqiad.wmnet"	"tt"	"wikibooks"
"ttwikiquote"	"s3-analytics-slave.eqiad.wmnet"	"tt"	"wikiquote"
"tumwiki"	"s3-analytics-slave.eqiad.wmnet"	"tum"	"wiki"
"twwiki"	"s3-analytics-slave.eqiad.wmnet"	"tw"	"wiki"
"tywiki"	"s3-analytics-slave.eqiad.wmnet"	"ty"	"wiki"
"uawikimedia"	"s3-analytics-slave.eqiad.wmnet"	"ua"	"wikimedia"
"udmwiki"	"s3-analytics-slave.eqiad.wmnet"	"udm"	"wiki"
"ugwiki"	"s3-analytics-slave.eqiad.wmnet"	"ug"	"wiki"
"ugwikibooks"	"s3-analytics-slave.eqiad.wmnet"	"ug"	"wikibooks"
"ugwikiquote"	"s3-analytics-slave.eqiad.wmnet"	"ug"	"wikiquote"
"ukwiki"	"s3-analytics-slave.eqiad.wmnet"	"uk"	"wiki"
"ukwikibooks"	"s3-analytics-slave.eqiad.wmnet"	"uk"	"wikibooks"
"ukwikimedia"	"s3-analytics-slave.eqiad.wmnet"	"uk"	"wikimedia"
"ukwikinews"	"s3-analytics-slave.eqiad.wmnet"	"uk"	"wikinews"
"ukwikiquote"	"s3-analytics-slave.eqiad.wmnet"	"uk"	"wikiquote"
"ukwikisource"	"s3-analytics-slave.eqiad.wmnet"	"uk"	"wikisource"
"ukwikivoyage"	"s3-analytics-slave.eqiad.wmnet"	"uk"	"wikivoyage"
"urwiki"	"s3-analytics-slave.eqiad.wmnet"	"ur"	"wiki"
"urwikibooks"	"s3-analytics-slave.eqiad.wmnet"	"ur"	"wikibooks"
"urwikiquote"	"s3-analytics-slave.eqiad.wmnet"	"ur"	"wikiquote"
"uzwiki"	"s3-analytics-slave.eqiad.wmnet"	"uz"	"wiki"
"uzwikibooks"	"s3-analytics-slave.eqiad.wmnet"	"uz"	"wikibooks"
"uzwikiquote"	"s3-analytics-slave.eqiad.wmnet"	"uz"	"wikiquote"
"vecwiki"	"s3-analytics-slave.eqiad.wmnet"	"vec"	"wiki"
"vecwikisource"	"s3-analytics-slave.eqiad.wmnet"	"vec"	"wikisource"
"vepwiki"	"s3-analytics-slave.eqiad.wmnet"	"vep"	"wiki"
"vewiki"	"s3-analytics-slave.eqiad.wmnet"	"ve"	"wiki"
"vewikimedia"	"s3-analytics-slave.eqiad.wmnet"	"ve"	"wikimedia"
"viwiki"	"s3-analytics-slave.eqiad.wmnet"	"vi"	"wiki"
"viwikibooks"	"s3-analytics-slave.eqiad.wmnet"	"vi"	"wikibooks"
"viwikiquote"	"s3-analytics-slave.eqiad.wmnet"	"vi"	"wikiquote"
"viwikisource"	"s3-analytics-slave.eqiad.wmnet"	"vi"	"wikisource"
"vlswiki"	"s3-analytics-slave.eqiad.wmnet"	"vls"	"wiki"
"vowiki"	"s3-analytics-slave.eqiad.wmnet"	"vo"	"wiki"
"vowikibooks"	"s3-analytics-slave.eqiad.wmnet"	"vo"	"wikibooks"
"vowikiquote"	"s3-analytics-slave.eqiad.wmnet"	"vo"	"wikiquote"
"warwiki"	"s3-analytics-slave.eqiad.wmnet"	"war"	"wiki"
"wawiki"	"s3-analytics-slave.eqiad.wmnet"	"wa"	"wiki"
"wawikibooks"	"s3-analytics-slave.eqiad.wmnet"	"wa"	"wikibooks"
"wg_enwiki"	"s3-analytics-slave.eqiad.wmnet"	"wg-en"	"wiki"
"wowiki"	"s3-analytics-slave.eqiad.wmnet"	"wo"	"wiki"
"wowikiquote"	"s3-analytics-slave.eqiad.wmnet"	"wo"	"wikiquote"
"wuuwiki"	"s3-analytics-slave.eqiad.wmnet"	"wuu"	"wiki"
"xalwiki"	"s3-analytics-slave.eqiad.wmnet"	"xal"	"wiki"
"xhwiki"	"s3-analytics-slave.eqiad.wmnet"	"xh"	"wiki"
"xhwikibooks"	"s3-analytics-slave.eqiad.wmnet"	"xh"	"wikibooks"
"xmfwiki"	"s3-analytics-slave.eqiad.wmnet"	"xmf"	"wiki"
"yiwiki"	"s3-analytics-slave.eqiad.wmnet"	"yi"	"wiki"
"yiwikisource"	"s3-analytics-slave.eqiad.wmnet"	"yi"	"wikisource"
"yowiki"	"s3-analytics-slave.eqiad.wmnet"	"yo"	"wiki"
"yowikibooks"	"s3-analytics-slave.eqiad.wmnet"	"yo"	"wikibooks"
"zawiki"	"s3-analytics-slave.eqiad.wmnet"	"za"	"wiki"
"zawikibooks"	"s3-analytics-slave.eqiad.wmnet"	"za"	"wikibooks"
"zawikiquote"	"s3-analytics-slave.eqiad.wmnet"	"za"	"wikiquote"
"zeawiki"	"s3-analytics-slave.eqiad.wmnet"	"zea"	"wiki"
"zh_classicalwiki"	"s3-analytics-slave.eqiad.wmnet"	"zh-classical"	"wiki"
"zh_cnwiki"	"s3-analytics-slave.eqiad.wmnet"	"zh-cn"	"wiki"
"zh_min_nanwiki"	"s3-analytics-slave.eqiad.wmnet"	"zh-min-nan"	"wiki"
"zh_min_nanwikibooks"	"s3-analytics-slave.eqiad.wmnet"	"zh-min-nan"	"wikibooks"
"zh_min_nanwikiquote"	"s3-analytics-slave.eqiad.wmnet"	"zh-min-nan"	"wikiquote"
"zh_min_nanwikisource"	"s3-analytics-slave.eqiad.wmnet"	"zh-min-nan"	"wikisource"
"zh_twwiki"	"s3-analytics-slave.eqiad.wmnet"	"zh-tw"	"wiki"
"zh_yuewiki"	"s3-analytics-slave.eqiad.wmnet"	"zh-yue"	"wiki"
"zhwikibooks"	"s3-analytics-slave.eqiad.wmnet"	"zh"	"wikibooks"
"zhwikinews"	"s3-analytics-slave.eqiad.wmnet"	"zh"	"wikinews"
"zhwikiquote"	"s3-analytics-slave.eqiad.wmnet"	"zh"	"wikiquote"
"zhwikisource"	"s3-analytics-slave.eqiad.wmnet"	"zh"	"wikisource"
"zuwiki"	"s3-analytics-slave.eqiad.wmnet"	"zu"	"wiki"
"zuwikibooks"	"s3-analytics-slave.eqiad.wmnet"	"zu"	"wikibooks"
"dewiki"	"s5-analytics-slave.eqiad.wmnet"	"de"	"wiki"
"frwiki"	"s6-analytics-slave.eqiad.wmnet"	"fr"	"wiki"
"jawiki"	"s6-analytics-slave.eqiad.wmnet"	"ja"	"wiki"
"ruwiki"	"s6-analytics-slave.eqiad.wmnet"	"ru"	"wiki"
"arwiki"	"s7-analytics-slave.eqiad.wmnet"	"ar"	"wiki"
"cawiki"	"s7-analytics-slave.eqiad.wmnet"	"ca"	"wiki"
"eswiki"	"s7-analytics-slave.eqiad.wmnet"	"es"	"wiki"
"fawiki"	"s7-analytics-slave.eqiad.wmnet"	"fa"	"wiki"
"hewiki"	"s7-analytics-slave.eqiad.wmnet"	"he"	"wiki"
"huwiki"	"s7-analytics-slave.eqiad.wmnet"	"hu"	"wiki"
"kowiki"	"s7-analytics-slave.eqiad.wmnet"	"ko"	"wiki"
"rowiki"	"s7-analytics-slave.eqiad.wmnet"	"ro"	"wiki"
"ukwiki"	"s7-analytics-slave.eqiad.wmnet"	"uk"	"wiki"
"viwiki"	"s7-analytics-slave.eqiad.wmnet"	"vi"	"wiki"
